user_input,retrieved_contexts,response,faithfulness,answer_relevancy
What is the observed increase in global surface temperature since pre-industrial times?,"['{Cross-Chapter Box 1.4; 4.6; Figure 4.35; 6.7; Figures 6.18, 6.22 and 6.24; 7.3; Cross-Chapter Box 7.1; Figure 7.7; Box TS.7; Figures TS.4 and TS.15}\nB.1   Global surface temperature will continue to increase until at least mid-century under all emissions scenarios \nconsidered. Global warming of 1.5°C and 2°C will be exceeded during the 21st century unless deep reductions \nin CO2 and other greenhouse gas emissions occur in the coming decades. \n   {2.3, Cross-Chapter Box 2.3, Cross-Chapter Box 2.4, 4.3, 4.4, 4.5} (Figure SPM.1, Figure SPM.4, Figure SPM.8, \nTable SPM.1, Box\xa0SPM.1)\nB.1.1  Compared to 1850–1900, global surface temperature averaged over 2081–2100 is very likely to be higher by 1.0°C to', 'further increasing to 3.7 [3.2 to 4.2] mm yr–1 between 2006 and 2018 (high confidence). Human influence was very likely \nthe main driver of these increases since at least 1971.\n  {2.3, 3.5, 9.6, Cross-Chapter Box 9.1, Box TS.4}\n8 The term ‘global surface temperature’ is used in reference to both global mean surface temperature and global surface air temperature throughout this SPM. Changes in these \nquantities are assessed with high confidence to differ by at most 10% from one another, but conflicting lines of evidence lead to  low confidence in the sign (direction) of any \ndifference in long-term trend. {Cross-Section Box TS.1}', 'difference in long-term trend. {Cross-Section Box TS.1}\n9  The period 1850–1900 represents the earliest period of sufficiently globally complete observations to estimate global surface temperature and, consistent with AR5 and SR1.5, is \nused as an approximation for pre-industrial conditions.\n10  Since AR5, methodological advances and new datasets have provided a more complete spatial representation of changes in surface temperature, including in the Arctic. These \nand other improvements have also increased the estimate of global surface temperature change by approximately 0.1°C, but this increase does not represent additional physical \nwarming since AR5.', '8\n10\n106 km2\n2\n1950 2000 2015 2050 2100\nPractically ice-free\n°C\n0\n–1\n1950 2000 2015 2050 2100\n1\n2\n3\n4\n5\nSSP1-1.9\nSSP1-2.6\nSSP2-4.5\nSSP3-7.0\nSSP5-8.5\n(a) Global surface temperature change relative to 1850–1900', 'multi-millennial changes between glacial and interglacial periods over at least the past 800,000 years (very\xa0high\xa0confidence).\n  {2.2, 5.1, TS.2.2}\nA.2.2  Global surface temperature has increased faster since 1970 than in any other 50-year period over at least the last 2000 \nyears ( high confidence ). Temperatures during the most recent decade (2011–2020) exceed those of the most recent \nmulti-century warm period, around 6500 years ago 13 [0.2°C to 1°C relative to 1850–1900] ( medium confidence). Prior \nto that, the next most recent warm period was about 125,000 years ago, when the multi-century temperature [0.5°C to \n1.5°C relative to 1850–1900] overlaps the observations of the most recent decade (medium confidence). \n  {2.3, Cross-Chapter Box 2.1, Cross-Section Box TS.1} (Figure SPM.1)']","According to the context, the observed increase in global surface temperature since pre-industrial times (1850-1900) is very likely to be higher by 1.0°C to (as stated in Source 1: IPCC_AR6_SPM.pdf, p.13). However, it is also mentioned that methodological advances and new datasets have increased the estimate of global surface temperature change by approximately 0.1°C since AR5 (as stated in Source 3: IPCC_AR6_SPM.pdf, p.4). 

Therefore, based on the information provided, the observed increase in global surface temperature since pre-industrial times is at least 1.0°C, but the exact value is not explicitly stated. (Source 1: IPCC_AR6_SPM.pdf, p.13 and Source 3: IPCC_AR6_SPM.pdf, p.4)",,0.9999999999999997
What are the projected temperature increases under SSP5-8.5 by 2100?,"['8\n10\n106 km2\n2\n1950 2000 2015 2050 2100\nPractically ice-free\n°C\n0\n–1\n1950 2000 2015 2050 2100\n1\n2\n3\n4\n5\nSSP1-1.9\nSSP1-2.6\nSSP2-4.5\nSSP3-7.0\nSSP5-8.5\n(a) Global surface temperature change relative to 1850–1900', 'Near term, 2021–2040 Mid-term, 2041–2060 Long term, 2081–2100\nScenario Best estimate (°C) Very likely \nrange (°C) Best estimate (°C) Very likely \nrange (°C) Best estimate (°C) Very likely \nrange (°C)\nSSP1-1.9 1.5 1.2 to 1.7 1.6 1.2 to 2.0 1.4 1.0 to 1.8\nSSP1-2.6 1.5 1.2 to 1.8 1.7 1.3 to 2.2 1.8 1.3 to 2.4\nSSP2-4.5 1.5 1.2 to 1.8 2.0 1.6 to 2.5 2.7 2.1 to 3.5\nSSP3-7.0 1.5 1.2 to 1.8 2.1 1.7 to 2.6 3.6 2.8 to 4.6\nSSP5-8.5 1.6 1.3 to 1.9 2.4 1.9 to 3.0 4.4 3.3 to 5.7\nB.1.2  Based on the assessment of multiple lines of evidence, global warming of 2°C, relative to 1850–1900, would be exceeded \nduring the 21st century under the high and very high GHG emissions scenarios considered in this report (SSP3-7.0 and', 'constitute part of a likely range. Changes relative to 1900 are calculated by adding 0.158 m (observed global mean sea level rise from 1900 to 1995–2014) to \nsimulated and observed changes relative to 1995–2014.\nPanel (e) Global mean sea level change at 2300 in metres relative to 1900. Only SSP1-2.6 and SSP5-8.5 are projected at 2300, as simulations that extend \nbeyond 2100 for the other scenarios are too few for robust results. The 17th–83rd percentile ranges are shaded. The dashed arrow illustrates the 83rd percentile \nof SSP5-8.5 projections that include low-likelihood, high-impact ice-sheet processes that cannot be ruled out.', '{8.2, 11.2, 11.3, 11.4, 11.6, 11.9, Cross-Chapter Box 11.1, Cross-Chapter Box 12.1, TS.2.6} (Figure SPM.5, Figure SPM.6)\nB.2.3  Some mid-latitude and semi-arid regions, and the South American Monsoon region, are projected to see the highest \nincrease in the temperature of the hottest days, at about 1.5 to 2 times the rate of global warming (high confidence). The \nArctic is projected to experience the highest increase in the temperature of the coldest days, at about three times the rate \nof global warming (high confidence). With additional global warming, the frequency of marine heatwaves will continue \nto increase (high confidence), particularly in the tropical ocean and the Arctic (medium confidence).', 'warming since AR5.\n11  The period distinction with A.1.2 arises because the attribution studies consider this slightly earlier period. The observed warming to 2010–2019 is 1.06 [0.88 to 1.21] °C.\n12  Throughout this SPM, ‘main driver’ means responsible for more than 50% of the change.']","According to the context, the projected temperature increase under SSP5-8.5 by 2100 is a best estimate of 4.4°C, with a very likely range of 3.3 to 5.7°C (Source 2: IPCC_AR6_SPM.pdf, p.13).",,0.945586847048153
How much has sea level risen since 1900?,"['storms, heavy snowfall and landslides.\n   {11.7, 11.9, Cross-Chapter Box 11.1, 12.4, 12.5, Cross-Chapter Box 12.1, Atlas.4, Atlas.6, Atlas.7, Atlas.8, Atlas.10, TS.4.3.1, \nTS.4.3.2, TS.5} (Table SPM.1, Figure SPM.9)\nC.2.5  It is very likely to virtually certain40 that regional mean relative sea level rise will continue throughout the 21st century, \nexcept in a few regions with substantial geologic land uplift rates. Approximately two-thirds of the global coastline has \na\xa0projected regional relative sea level rise within ±20% of the global mean increase (medium confidence). Due to relative \nsea level rise, extreme sea level events that occurred once per century in the recent past are projected to occur at least', 'influence is the main driver. It is virtually certain that human-caused CO2 emissions are the main driver of current global \nacidification of the surface open ocean. There is high confidence that oxygen levels have dropped in many upper ocean \nregions since the mid-20th century and medium confidence that human influence contributed to this drop.\n  {2.3, 3.5, 3.6, 5.3, 9.2, TS.2.4}\nA.1.7   Global mean sea level increased by 0.20 [0.15 to 0.25] m between 1901 and 2018. The average rate of sea level rise was \n1.3 [0.6 to 2.1] mm yr –1 between 1901 and 1971, increasing to 1.9 [0.8 to 2.9] mm yr –1 between 1971 and 2006, and \nfurther increasing to 3.7 [3.2 to 4.2] mm yr–1 between 2006 and 2018 (high confidence). Human influence was very likely', 'constitute part of a likely range. Changes relative to 1900 are calculated by adding 0.158 m (observed global mean sea level rise from 1900 to 1995–2014) to \nsimulated and observed changes relative to 1995–2014.\nPanel (e) Global mean sea level change at 2300 in metres relative to 1900. Only SSP1-2.6 and SSP5-8.5 are projected at 2300, as simulations that extend \nbeyond 2100 for the other scenarios are too few for robust results. The 17th–83rd percentile ranges are shaded. The dashed arrow illustrates the 83rd percentile \nof SSP5-8.5 projections that include low-likelihood, high-impact ice-sheet processes that cannot be ruled out.', 'the period 2006–201820 (high confidence). Ocean warming accounted for 91% of the heating in the climate system, with \nland warming, ice loss and atmospheric warming accounting for about 5%, 3% and 1%, respectively (high confidence).\n  {7.2, Box 7.2, TS.3.1}\nA.4.3  Heating of the climate system has caused global mean sea level rise through ice loss on land and thermal expansion \nfrom ocean warming. Thermal expansion explained 50% of sea level rise during 1971–2018, while ice loss from glaciers \ncontributed 22%, ice sheets 20% and changes in land-water storage 8%. The rate of ice-sheet loss increased by a factor \nof four between 1992–1999 and 2010–2019. Together, ice-sheet and glacier mass loss were the dominant contributors to', '8\n10\n106 km2\n2\n1950 2000 2015 2050 2100\nPractically ice-free\n°C\n0\n–1\n1950 2000 2015 2050 2100\n1\n2\n3\n4\n5\nSSP1-1.9\nSSP1-2.6\nSSP2-4.5\nSSP3-7.0\nSSP5-8.5\n(a) Global surface temperature change relative to 1850–1900']","According to [Source 3: IPCC_AR6_SPM.pdf, p.22], the observed global mean sea level rise from 1900 to 1995-2014 is 0.158 m. Additionally, [Source 2: IPCC_AR6_SPM.pdf, p.4] states that global mean sea level increased by 0.20 [0.15 to 0.25] m between 1901 and 2018. Therefore, the total sea level rise since 1900 is approximately 0.20 m, with a range of 0.15 to 0.25 m.",,
What is the likely range of global warming under SSP1-1.9?,"['(SSP1-2.6) and more likely than not to be reached under the very low GHG emissions scenario (SSP1-1.9).27 Furthermore, for \nthe very low GHG emissions scenario (SSP1-1.9), it is more likely than not that global surface temperature would decline \nback to below 1.5°C toward the end of the 21st century, with a temporary overshoot of no more than 0.1°C above 1.5°C \nglobal\xa0warming.\n  {4.3, Cross-Section Box TS.1} (Table SPM.1, Figure SPM.4)\nB.1.4  Global surface temperature in any single year can vary above or below the long-term human-induced trend, due to \nsubstantial natural variability.28 The occurrence of individual years with global surface temperature change above a certain', '1.07 (0.8–1.3; likely range) 2390 (± 240; likely range)\nApproximate global \nwarming relative \nto 1850–1900 until \ntemperature limit (°C)a\nAdditional global \nwarming relative to \n2010–2019 until tem-\nperature limit (°C)\nEstimated remaining carbon budgets \nfrom the beginning of 2020 (GtCO2) \n \nLikelihood of limiting global warming\nto temperature limitb\nVariations in reductions \nin non-CO2 emissionsc\n17% 33% 50% 67% 83%\n1.5 0.43 900 650 500 400 300\nHigher or lower reductions in \naccompanying non-CO2 emissions can \nincrease or decrease the values on \nthe\xa0left by 220 GtCO 2 or more\n1.7 0.63 1450 1050 850 700 550\n2.0 0.93 2300 1700 1350 1150 900\na Values at each 0.1°C increment of warming are available in Tables TS.3 and 5.8.', 'constitute part of a likely range. Changes relative to 1900 are calculated by adding 0.158 m (observed global mean sea level rise from 1900 to 1995–2014) to \nsimulated and observed changes relative to 1995–2014.\nPanel (e) Global mean sea level change at 2300 in metres relative to 1900. Only SSP1-2.6 and SSP5-8.5 are projected at 2300, as simulations that extend \nbeyond 2100 for the other scenarios are too few for robust results. The 17th–83rd percentile ranges are shaded. The dashed arrow illustrates the 83rd percentile \nof SSP5-8.5 projections that include low-likelihood, high-impact ice-sheet processes that cannot be ruled out.', '{8.2, 11.2, 11.3, 11.4, 11.6, 11.9, Cross-Chapter Box 11.1, Cross-Chapter Box 12.1, TS.2.6} (Figure SPM.5, Figure SPM.6)\nB.2.3  Some mid-latitude and semi-arid regions, and the South American Monsoon region, are projected to see the highest \nincrease in the temperature of the hottest days, at about 1.5 to 2 times the rate of global warming (high confidence). The \nArctic is projected to experience the highest increase in the temperature of the coldest days, at about three times the rate \nof global warming (high confidence). With additional global warming, the frequency of marine heatwaves will continue \nto increase (high confidence), particularly in the tropical ocean and the Arctic (medium confidence).', 'this century (SSP2-4.5), the rates of CO2 taken up by the land and ocean are projected to decrease in the second half of \nthe 21st\xa0century ( high confidence). Under the very low and low GHG emissions scenarios (SSP1-1.9, SSP1-2.6), where CO2 \nconcentrations peak and decline during the 21st century, the land and ocean begin to take up less carbon in response \nto declining atmospheric CO2 concentrations (high confidence) and turn into a weak net source by 2100 under SSP1-1.9 \n(medium confidence). It is very unlikely that the combined global land and ocean sink will turn into a source by 2100 \nunder scenarios without net negative emissions (SSP2-4.5, SSP3-7.0, SSP5-8.5).32 \n  {4.3, 5.4, 5.5, 5.6, Box TS.5, TS.3.3}']","The context does not contain enough information to answer confidently the likely range of global warming under SSP1-1.9. However, it is mentioned in [Source 1: IPCC_AR6_SPM.pdf, p.14] that under the very low GHG emissions scenario (SSP1-1.9), it is more likely than not that global surface temperature would decline back to below 1.5°C toward the end of the 21st century, with a temporary overshoot of no more than 0.1°C above 1.5°C global warming.",,
How confident is the IPCC that human influence has warmed the climate?,"['amplified or attenuated by internal variability ( high confidence ).37 Near-term cooling at any particular location with \nrespect to present climate could occur and would be consistent with the global surface temperature increase due to \nhuman influence (high confidence).\n  {1.4, 4.4, 4.6, 10.4, 11.3, 12.5, Atlas.5, Atlas.10, Atlas.11, TS.4.2}', 'and tropical cyclones, and, in particular, their attribution to human influence, has strengthened since AR5. \n   {2.3, 3.3, 8.2, 8.3, 8.4, 8.5, 8.6, Box 8.1, Box 8.2, Box 9.2, 10.6, 11.2, 11.3, 11.4, 11.6, 11.7, 11.8, 11.9, 12.3} \n(Figure SPM.3)\nA.3.1  It is virtually certain that hot extremes (including heatwaves) have become more frequent and more intense across most \nland regions since the 1950s, while cold extremes (including cold waves) have become less frequent and less severe, with \nhigh confidence that human-induced climate change is the main driver 14 of these changes. Some recent hot extremes \nobserved over the past decade would have been extremely unlikely to occur without human influence on the climate', 'has been no significant trend in Antarctic sea ice area from 1979 to 2020 due to regionally opposing trends and large \ninternal variability. Human influence very likely contributed to the decrease in Northern Hemisphere spring snow cover \nsince 1950. It is very likely that human influence has contributed to the observed surface melting of the Greenland Ice \nSheet over the past two decades, but there is only limited evidence, with medium agreement, of human influence on the \nAntarctic Ice Sheet mass loss.\n  {2.3, 3.4, 8.3, 9.3, 9.5, TS.2.5}\nA.1.6  It is virtually certain that the global upper ocean (0–700 m) has warmed since the 1970s and extremely likely that human \ninfluence is the main driver. It is virtually certain that human-caused CO2 emissions are the main driver of current global', 'or below the assessed very likely range of observed warming. \n{1.5, Cross-Chapter Box 2.2, 3.3, 3.8, TS.1.2, Cross-Section Box TS.1} (Figure SPM.1b, Figure SPM.2)\nBox SPM.1.3: The CMIP6 models considered in this Report have a wider range of climate sensitivity than in CMIP5 models \nand the AR6 assessed very likely range, which is based on multiple lines of evidence. These CMIP6 models also show \na\xa0higher average climate sensitivity than CMIP5 and the AR6 assessed best estimate. The higher CMIP6 climate sensitivity \nvalues compared to CMIP5 can be traced to an amplifying cloud feedback that is larger in CMIP6 by about 20%. \n{Box 7.1, 7.3, 7.4, 7.5, TS.3.2}\nBox SPM.1.4: For the first time in an IPCC report, assessed future changes in global surface temperature, ocean warming', '4\nSPM\nSummary for Policymakers\nIntroduction\n1  Decision IPCC/XLVI-2.\n2  The three Special Reports are: Global Warming of 1.5°C: An IPCC Special Report on the impacts of global warming of 1.5°C above pre-industrial levels and related global greenhouse \ngas emission pathways, in the context of strengthening the global response to the threat of climate change, sustainable development, and efforts to eradicate poverty (SR1.5); \nClimate Change and Land: An IPCC Special Report on climate change, desertification, land degradation, sustainable land management, food security, and greenhouse gas fluxes in \nterrestrial ecosystems (SRCCL); IPCC Special Report on the Ocean and Cryosphere in a Changing Climate (SROCC).']","The context does not contain a direct statement about the IPCC's confidence level in human influence warming the climate. However, it does mention that it is ""virtually certain"" that human-induced climate change is the main driver of changes in hot and cold extremes (Source 2: IPCC_AR6_SPM.pdf, p.7) and that it is ""extremely likely"" that human influence is the main driver of the global upper ocean warming since the 1970s (Source 3: IPCC_AR6_SPM.pdf, p.4). Additionally, it states that human influence ""very likely"" contributed to the decrease in Northern Hemisphere spring snow cover and the observed surface melting of the Greenland Ice Sheet (Source 3: IPCC_AR6_SPM.pdf, p.4). 

These statements suggest a high level of confidence in the role of human influence in warming the climate, but the exact confidence level is not explicitly stated in the provided context.",,
What role does methane play in climate change according to AR6?,"['CFC-12 equivalent). Increases from 2011 are 19 ppm for CO2, 63 ppb for CH4 and 8 ppb for N2O.\n7 Land and ocean are not substantial sinks for other GHGs.\nThis Summary for Policymakers (SPM) presents key findings of the Working Group I (WGI) contribution to the Intergovernmental \nPanel on Climate Change (IPCC) Sixth Assessment Report (AR6)1 on the physical science basis of climate change. The report builds \nupon the 2013 Working Group I contribution to the IPCC’s Fifth Assessment Report (AR5) and the 2018–2019 IPCC Special Reports2 \nof the AR6 cycle and incorporates subsequent new evidence from climate science.3\nThis SPM provides a high-level summary of the understanding of the current state of the climate, including how it is changing\xa0and the', 'by human activities. Since 2011 (measurements reported in AR5), concentrations have continued to increase in the \natmosphere, reaching annual averages of 410 parts per million (ppm) for carbon dioxide (CO 2), 1866 parts per billion \n(ppb) for methane (CH 4), and 332 ppb for nitrous oxide (N 2O) in 2019.6 Land and ocean have taken up a near-constant \nproportion (globally about 56% per year) of CO2 emissions from human activities over the past six decades, with regional \ndifferences (high confidence).7\n  {2.2, 5.2, 7.3, TS.2.2, Box TS.5}', 'change after global anthropogenic CO2 emissions reach net zero.\n  {5.1, 5.5, Box 5.2, TS.3.3} (Table SPM.2)\n44  Compared to AR5, and when taking into account emissions since AR5, estimates in AR6 are about 300–350 GtCO2 larger for the remaining carbon budget consistent with limiting \nwarming to 1.5°C; for 2°C, the difference is about 400–500 GtCO2.\n45  Potential negative and positive effects of CDR for biodiversity, water and food production are methods-specific and are often highly dependent on local context, management, prior \nland use, and scale. IPCC Working Groups II and III assess the CDR potential and ecological and socio-economic effects of CDR methods in their AR6 contributions.', 'under scenarios without net negative emissions (SSP2-4.5, SSP3-7.0, SSP5-8.5).32 \n  {4.3, 5.4, 5.5, 5.6, Box TS.5, TS.3.3}\nB.4.3  The magnitude of feedbacks between climate change and the carbon cycle becomes larger but also more uncertain \nin\xa0high CO 2 emissions scenarios (very high confidence). However, climate model projections show that the uncertainties in \natmospheric CO2 concentrations by 2100 are dominated by the differences between emissions scenarios (high confidence). \nAdditional ecosystem responses to warming not yet fully included in climate models, such as CO 2 and CH4 fluxes from \nwetlands, permafrost thaw and wildfires, would further increase concentrations of these gases in the atmosphere \n(high\xa0confidence).\n  {5.4, Box TS.5, TS.3.2}', 'in panel (b).\nFuture emissions cause future additional warming, with total warming \ndominated by past and future CO₂ emissions\n(a) Future annual emissions of CO₂ (left) and of a subset of key non-CO₂ drivers (right), across ﬁve illustrative scenarios\nMethane (MtCH₄/yr)\nNitrous oxide (MtN₂O/yr)\nSulphur dioxide (MtSO₂/yr)\nSSP1-1.9\nSSP1-2.6\nSSP2-4.5\nSSP3-7.0\nSSP5-8.5\nSSP1-1.9\nSSP1-2.6\nSSP2-4.5\nSSP3-7.0\nSSP5-8.5\nSSP1-1.9\nSSP1-2.6\nSSP2-4.5\nSSP3-7.0\nSSP5-8.5\n(b) Contribution to global surface temperature increase from diﬀerent emissions, with a dominant role of CO₂ emissions\nChange in global surface temperature in 2081–2100 relative to 1850–1900 (ºC)\n0\n200\n400\n600\n800\n0\n10\n20\n0\n40\n80\n120\n2015 2050 2100\n2015 2050 2100\n2015 2050 2100\n–20\n0\n20\n40\n60\n80\n100\n120\n140\n2015 2050 2100']","According to the provided context from IPCC_AR6_SPM.pdf, methane (CH4) is mentioned as one of the greenhouse gases (GHGs) with increasing concentrations in the atmosphere. 

Specifically, it is stated that since 2011, concentrations have continued to increase, reaching an annual average of 1866 parts per billion (ppb) for methane (CH4) in 2019 (Source 2: IPCC_AR6_SPM.pdf, p.3). Additionally, it is mentioned that increases from 2011 are 63 ppb for CH4 (Source 1: IPCC_AR6_SPM.pdf, p.3).

Methane is also listed as one of the key non-CO2 drivers in the context of future emissions scenarios (Source 5: IPCC_AR6_SPM.pdf, p.12).

However, the context does not provide a detailed explanation of the specific role of methane in climate change. To answer this question confidently, more information from the IPCC AR6 report would be needed.",,
What happens to Arctic sea ice under different warming scenarios?,"['B.2.5  Additional warming is projected to further amplify permafrost thawing and loss of seasonal snow cover, of land ice and of \nArctic sea ice (high confidence). The Arctic is likely to be practically sea ice-free in September31 at least once before 2050 \nunder the five illustrative scenarios considered in this report, with more frequent occurrences for higher warming levels. \nThere is low confidence in the projected decrease of Antarctic sea ice.\n   {4.3, 4.5, 7.4, 8.2, 8.4, Box 8.2, 9.3, 9.5, 12.4, Cross-Chapter Box 12.1, Atlas.5, Atlas.6, Atlas.8, Atlas.9, Atlas.11, TS.2.5} \n(Figure SPM.8)\n31  Monthly average sea ice area of less than 1 million km2, which is about 15% of the average September sea ice area observed in 1979–1988.\n0 0.5 1 1.5 2 2.5 3 3.5 4 4.5 5 5.5 6 6.5 7', 'deep-ocean acidification (very high confidence) and deoxygenation (medium confidence).\n  {4.3, 4.5, 4.7, 5.3, 9.2, TS.2.4} (Figure\xa0SPM.8)\nB.5.2  Mountain and polar glaciers are committed to continue melting for decades or centuries ( very high confidence). Loss of \npermafrost carbon following permafrost thaw is irreversible at centennial time scales ( high confidence). Continued ice \nloss over the 21st century is virtually certain for the Greenland Ice Sheet and likely for the Antarctic Ice Sheet. There is \nhigh confidence that total ice loss from the Greenland Ice Sheet will increase with cumulative emissions. There is limited \nevidence for low-likelihood, high-impact outcomes (resulting from ice-sheet instability processes characterized by deep', 'has been no significant trend in Antarctic sea ice area from 1979 to 2020 due to regionally opposing trends and large \ninternal variability. Human influence very likely contributed to the decrease in Northern Hemisphere spring snow cover \nsince 1950. It is very likely that human influence has contributed to the observed surface melting of the Greenland Ice \nSheet over the past two decades, but there is only limited evidence, with medium agreement, of human influence on the \nAntarctic Ice Sheet mass loss.\n  {2.3, 3.4, 8.3, 9.3, 9.5, TS.2.5}\nA.1.6  It is virtually certain that the global upper ocean (0–700 m) has warmed since the 1970s and extremely likely that human \ninfluence is the main driver. It is virtually certain that human-caused CO2 emissions are the main driver of current global', 'increase would be gradually reversed but other climate changes would continue in their current direction for decades to \nmillennia (high confidence). For instance, it would take several centuries to millennia for global mean sea level to reverse \ncourse even under large net negative CO2 emissions (high confidence).\n  {4.6, 9.6, TS.3.3}\nD.1.7  In the five illustrative scenarios, simultaneous changes in CH 4, aerosol and ozone precursor emissions, which also \ncontribute to air pollution, lead to a net global surface warming in the near and long term ( high confidence). In the \nlong term, this net warming is lower in scenarios assuming air pollution controls combined with strong and sustained', '8\n10\n106 km2\n2\n1950 2000 2015 2050 2100\nPractically ice-free\n°C\n0\n–1\n1950 2000 2015 2050 2100\n1\n2\n3\n4\n5\nSSP1-1.9\nSSP1-2.6\nSSP2-4.5\nSSP3-7.0\nSSP5-8.5\n(a) Global surface temperature change relative to 1850–1900']","According to the IPCC_AR6_SPM.pdf (p.15), under the five illustrative scenarios considered in the report, the Arctic is likely to be practically sea ice-free in September at least once before 2050, with more frequent occurrences for higher warming levels. (Source: IPCC_AR6_SPM.pdf)",,
How does climate change affect extreme precipitation events?,"['decreases in mean precipitation (medium confidence).\n  {11.4, 11.5, 11.6, 11.9, Atlas.4, Atlas.5, Atlas.7, Atlas.8, Atlas.9, Atlas.10, Atlas.11, TS.4.3} (Table SPM.1)\nC.2.3  At 2°C global warming and above, the level of confidence in and the magnitude of the change in droughts and heavy \nand mean precipitation increase compared to those at 1.5°C. Heavy precipitation and associated flooding events \nare projected to become more intense and frequent in the Pacific Islands and across many regions of North America \nand\xa0Europe ( medium to high confidence).40 These changes are also seen in some regions in Australasia and Central and \nSouth America (medium \xa0confidence). Several regions in Africa, South America and Europe are projected to experience an', 'and droughts, compound flooding (e.g., a storm surge in combination with extreme rainfall and/or river flow), compound fire weather conditions (i.e., a combination of hot, dry and \nwindy conditions), or concurrent extremes at different locations.', '10\nSPM\nSummary for Policymakers\nClimate change is already aﬀecting every inhabited region across the globe, \nwith human inﬂuence contributing to many observed changes in weather \nand climate extremes\nIncrease (41)\nType of observed change\nin hot extremes\nDecrease (0)\nLow agreement in the type of change (2)\nLimited data and/or literature (2)\nType of observed change since the 1950s\nType of observed change since the 1950s\nType of observed change since the 1950s\n(a) Synthesis of assessment of observed change in hot extremes and\ncon/f_idence in human contribution to the observed changes in the world’s regions \nType of observed change\nin agricultural and ecological drought\nType of observed change\nin heavy precipitation\nIncrease (19)\nDecrease (0)\nLow agreement in the type of change (8)', 'earlier onset of spring snowmelt, with higher peak flows at the expense of summer flows in snow-dominated regions \nglobally.\n  {4.3, 4.5, 4.6, 8.2, 8.4, Atlas.3, TS.2.6, TS.4.3, Box TS.6} (Figure SPM.5)\nB.3.2  A warmer climate will intensify very wet and very dry weather and climate events and seasons, with implications for \nflooding or drought ( high confidence), but the location and frequency of these events depend on projected changes in \nregional atmospheric circulation, including monsoons and mid-latitude storm tracks. It is very likely that rainfall variability \nrelated to the El Niño–Southern Oscillation is projected to be amplified by the second half of the 21st century in the \nSSP2-4.5, SSP3-7.0 and SSP5-8.5 scenarios.', 'in 50 years (50-year event) during the 1850–1900 reference period. Extreme precipitation events are defined as the daily precipitation amount over land that \nPresent 1°C Present 1°C\n+6.7%\nwetter\n+10.5%\nwetter\n+14.0%\nwetter\n+30.2%\nwetter\nFuture global warming levels\n1.5°C 2°C 4°C1850–1900\n0%\n+10%\n+20%\n+30%\n+40%\n+0.3 sd\ndrier\n+0.5 sd\ndrier\n+0.6 sd\ndrier\n+1.0 sd\ndrier\nOnce now likely \noccurs\n1.7 times\n(0.7–4.1)\nwill likely \noccur\n2.0 times\n(1.0–5.1)\nwill likely \noccur\n2.4 times\n(1.3–5.8)\nwill likely \noccur\n4.1 times\n(1.7–7.2)\nFuture global warming levels\n1.5°C 2°C 4°C1850–1900\n0 sd\n+1 sd\n+2 sd\nOnce now likely \noccurs\n1.3 times\n(1.2–1.4)\nwill likely \noccur\n1.5 times\n(1.4–1.7)\nwill likely \noccur\n1.7 times\n(1.6–2.0)\nwill likely \noccur\n2.7 times\n(2.3–3.6)\nFREQUENCY per 10 yearsINTENSITY increase']","According to the context, climate change is projected to intensify extreme precipitation events. 

At 2°C global warming and above, heavy precipitation and associated flooding events are projected to become more intense and frequent in several regions, including the Pacific Islands, North America, Europe, Australasia, and Central and South America (IPCC_AR6_SPM.pdf, p.23).

Additionally, it is very likely that rainfall variability related to the El Niño–Southern Oscillation will be amplified by the second half of the 21st century (IPCC_AR6_SPM.pdf, p.18).

The context also provides information on the projected increase in the frequency of extreme precipitation events. For example, an event that occurred once in 50 years during the 1850–1900 reference period is likely to occur 1.7 times, 2.0 times, 2.4 times, and 4.1 times more frequently at global warming levels of 1.5°C, 2°C, 3°C, and 4°C, respectively (IPCC_AR6_SPM.pdf, p.17).

Overall, the information suggests that climate change will lead to an increase in the intensity and frequency of extreme precipitation events (IPCC_AR6_SPM.pdf, p.17, p.18, p.23).",,
What is the carbon budget remaining for 1.5 degrees of warming?,"['1.07 (0.8–1.3; likely range) 2390 (± 240; likely range)\nApproximate global \nwarming relative \nto 1850–1900 until \ntemperature limit (°C)a\nAdditional global \nwarming relative to \n2010–2019 until tem-\nperature limit (°C)\nEstimated remaining carbon budgets \nfrom the beginning of 2020 (GtCO2) \n \nLikelihood of limiting global warming\nto temperature limitb\nVariations in reductions \nin non-CO2 emissionsc\n17% 33% 50% 67% 83%\n1.5 0.43 900 650 500 400 300\nHigher or lower reductions in \naccompanying non-CO2 emissions can \nincrease or decrease the values on \nthe\xa0left by 220 GtCO 2 or more\n1.7 0.63 1450 1050 850 700 550\n2.0 0.93 2300 1700 1350 1150 900\na Values at each 0.1°C increment of warming are available in Tables TS.3 and 5.8.', '(±20\xa0GtCO 2) and the climate response after net zero CO2 emissions are reached (±420 GtCO2) are separate.\nc Remaining carbon budget estimates consider the warming from non-CO2 drivers as implied by the scenarios assessed in SR1.5. The Working Group III Contribution \nto AR6 will assess mitigation of non-CO2 emissions.\nD.1.3  Several factors that determine estimates of the remaining carbon budget have been re-assessed, and updates to these \nfactors since SR1.5 are small. When adjusted for emissions since previous reports, estimates of remaining carbon budgets \nare therefore of similar magnitude compared to SR1.5 but larger compared to AR5 due to methodological improvements.44 \n{5.5, Box 5.2, TS.3.3} (Table SPM.2)', 'a\xa0given probability, taking into account the effect of other anthropogenic climate forcers. This is referred to as the total carbon budget when expressed starting from the pre-industrial \nperiod, and as the remaining carbon budget when expressed from a recent specified date (Glossary). Historical cumulative CO 2 emissions determine to a large degree warming to \ndate, while future emissions cause future additional warming. The remaining carbon budget indicates how much CO2 could still be emitted while keeping warming below a specific \ntemperature level.\nFigure SPM.10 | Near-linear relationship between cumulative CO2 emissions and the increase in global surface temperature', 'substantial global and regional climate perturbations over several decades. Such events cannot be ruled out in the future, \nbut due to their inherent unpredictability they are not included in the illustrative set of scenarios referred to in this Report\n  {2.2, Cross-Chapter Box 4.1, Box TS.3} (Box SPM.1)\nD. Limiting Future Climate Change\nSince AR5, estimates of remaining carbon budgets have been improved by a new methodology first presented in SR1.5, updated \nevidence, and the integration of results from multiple lines of evidence. A comprehensive range of possible future air pollution \ncontrols in scenarios is used to consistently assess the effects of various assumptions on projections of climate and air pollution.', '5\nSPM\nSummary for Policymakers\nA.1.2   Each of the last four decades has been successively warmer than any decade that preceded it since 1850. Global \nsurface temperature8 in the first two decades of the 21st century (2001–2020) was 0.99 [0.84 to 1.10] °C higher than \n1850–1900.9 Global surface temperature was 1.09 [0.95 to 1.20] °C higher in 2011–2020 than 1850–1900, with larger \nincreases over land (1.59 [1.34 to 1.83] °C) than over the ocean (0.88 [0.68 to 1.01] °C). The estimated increase in \nglobal surface temperature since AR5 is principally due to further warming since 2003–2012 (+0.19 [0.16 to 0.22] °C). \nAdditionally, methodological advances and new datasets contributed approximately 0.1°C to the updated estimate of \nwarming in\xa0AR6. 10']","According to the context provided, the remaining carbon budget for 1.5 degrees of warming is approximately 400 GtCO2 (Source 1: IPCC_AR6_SPM.pdf, p.28), with a range of 300-500 GtCO2, and a likelihood of 33% (Source 1: IPCC_AR6_SPM.pdf, p.28), and also 900 GtCO2 and 650 GtCO2 for higher and lower reductions in non-CO2 emissions respectively (Source 1: IPCC_AR6_SPM.pdf, p.28).",,
How have greenhouse gas concentrations changed since pre-industrial times?,"['including weather and climate extremes. The time periods considered throughout this section depend upon the availability of \nobservational products, paleoclimate archives and peer-reviewed studies.\nA.1   It is unequivocal that human influence has warmed the atmosphere, ocean and land. Widespread and rapid \nchanges in the atmosphere, ocean, cryosphere and biosphere have\xa0occurred.\n   {2.2, 2.3, Cross-Chapter Box 2.3, 3.3, 3.4, 3.5, 3.6, 3.8, 5.2, 5.3, 6.4, 7.3, 8.3, 9.2, 9.3, 9.5, 9.6, Cross-Chapter \nBox\xa09.1} (Figure\xa0SPM.1, Figure SPM.2)\nA.1.1  Observed increases in well-mixed greenhouse gas (GHG) concentrations since around 1750 are unequivocally caused \nby human activities. Since 2011 (measurements reported in AR5), concentrations have continued to increase in the', 'adding the net global land-use emissions from the CMIP6 scenario database to the other sectoral emissions calculated from climate model runs with prescribed CO2 \nconcentrations.33 Land and ocean CO2 uptake since 1850 is calculated from the net biome productivity on land, corrected for CO2 losses due to land-use change by \nadding the land-use change emissions, and net ocean CO2 flux.\n{5.2.1; Table 5.1; 5.4.5; Figure 5.25; Box TS.5; Box TS.5, Figure 1}\nB.5   Many changes due to past and future greenhouse gas emissions are irreversible for centuries to millennia, \nespecially changes in the ocean, ice sheets and global sea level. \n  {2.3, Cross-Chapter Box 2.4, 4.3, 4.5, 4.7, 5.3, 9.2, 9.4, 9.5, 9.6, Box 9.4} (Figure SPM.8)', 'SSP1-1.9\nSSP1-2.6\nSSP2-4.5\nSSP3-7.0\nSSP5-8.5\n1000 2000 3000 4000 4500\nCumulative CO₂  emissions since 1850\n–0.5\n0\n0.5\n1\n1.5\n2\n2.5\n3\nGlobal surface temperature increase since 1850–1900 (OC) as a function of cumulative CO₂ emissions ( GtCO₂)\nOC\n1850\ntime\n1900\n1950\n2000\n2020\n2019\n2030\n2040\n2050\nHISTORICAL PROJECTIONS\nGtCO₂', 'substantial global and regional climate perturbations over several decades. Such events cannot be ruled out in the future, \nbut due to their inherent unpredictability they are not included in the illustrative set of scenarios referred to in this Report\n  {2.2, Cross-Chapter Box 4.1, Box TS.3} (Box SPM.1)\nD. Limiting Future Climate Change\nSince AR5, estimates of remaining carbon budgets have been improved by a new methodology first presented in SR1.5, updated \nevidence, and the integration of results from multiple lines of evidence. A comprehensive range of possible future air pollution \ncontrols in scenarios is used to consistently assess the effects of various assumptions on projections of climate and air pollution.', 'to higher GHG emissions scenarios (high confidence). Changes would also be smaller in very low compared to low GHG \nemissions scenarios, as well as for intermediate (SSP2-4.5) compared to high or very high GHG emissions scenarios (high \nconfidence).\n  {9.6, 11.2, 11.3, 11.4, 11.5, 11.6, 11.9, Cross-Chapter Box 11.1, 12.4, 12.5, TS.4.3}']","According to the context, observed increases in well-mixed greenhouse gas (GHG) concentrations since around 1750 are unequivocally caused by human activities (IPCC_AR6_SPM.pdf, p.3). Additionally, it is mentioned that since 2011, concentrations have continued to increase (IPCC_AR6_SPM.pdf, p.3). However, the context does not provide a detailed quantitative description of the changes in greenhouse gas concentrations since pre-industrial times.",,
What is the projected change in global mean sea level by 2100 under SSP5-8.5?,"['constitute part of a likely range. Changes relative to 1900 are calculated by adding 0.158 m (observed global mean sea level rise from 1900 to 1995–2014) to \nsimulated and observed changes relative to 1995–2014.\nPanel (e) Global mean sea level change at 2300 in metres relative to 1900. Only SSP1-2.6 and SSP5-8.5 are projected at 2300, as simulations that extend \nbeyond 2100 for the other scenarios are too few for robust results. The 17th–83rd percentile ranges are shaded. The dashed arrow illustrates the 83rd percentile \nof SSP5-8.5 projections that include low-likelihood, high-impact ice-sheet processes that cannot be ruled out.', '(low confidence)\xa0– cannot be ruled out due to deep uncertainty in ice-sheet processes.\n  {4.3, 9.6, Box 9.4, Box TS.4} (Figure SPM.8)\nB.5.4  In the longer term, sea level is committed to rise for centuries to millennia due to continuing deep-ocean warming and \nice-sheet melt and will remain elevated for thousands of years (high confidence). Over the next 2000 years, global mean \nsea level will rise by about 2 to 3 m if warming is limited to 1.5°C, 2 to 6 m if limited to 2°C and 19 to 22 m with 5°C of \nwarming, and it will continue to rise over subsequent millennia ( low confidence). Projections of multi-millennial global \nmean sea level rise are consistent with reconstructed levels during past warm climate periods: likely 5–10 m higher than', 'Low-likelihood, high-impact storyline, \nincluding ice-sheet instability \nprocesses, under SSP5-8.5\nSSP1-2.6\nSSP2-4.5\nSSP3-7.0\nSSP5-8.5\n1950 2000 2020 2050 2100\n1\n1.5\n2\n0.5\n0\nm\nSSP1-1.9\n(e) Global mean sea \nlevel change in 2300 \nrelative to 1900\n2 m\n3 m\n4 m\n5 m\n6 m\n7 m\n8 m\n9 m\n1 m\n0 m\nSea level rise greater than \n15 m cannot be ruled out \nwith high emissions\n2300\n SSP1-2.6\nSSP5-8.5\nSSP1-1.9\nSSP1-2.6\nSSP2-4.5\nSSP3-7.0\nSSP5-8.5\n(c) Global ocean surface pH (a measure of acidity)\nocean\nacidiﬁcation\n1950 2000 2015 2050 2100\n7.6\n7.8\n7.7\n7.9\n8.0\n8.1\n8.2\nSSP1-1.9\nSSP1-2.6\nSSP2-4.5\nSSP3-7.0\nSSP5-8.5\n(b) September Arctic sea ice area\n0\n4\n6\n8\n10\n106 km2\n2\n1950 2000 2015 2050 2100\nPractically ice-free\n°C\n0\n–1\n1950 2000 2015 2050 2100\n1\n2\n3\n4\n5\nSSP1-1.9\nSSP1-2.6\nSSP2-4.5\nSSP3-7.0\nSSP5-8.5', '8\n10\n106 km2\n2\n1950 2000 2015 2050 2100\nPractically ice-free\n°C\n0\n–1\n1950 2000 2015 2050 2100\n1\n2\n3\n4\n5\nSSP1-1.9\nSSP1-2.6\nSSP2-4.5\nSSP3-7.0\nSSP5-8.5\n(a) Global surface temperature change relative to 1850–1900', 'influence is the main driver. It is virtually certain that human-caused CO2 emissions are the main driver of current global \nacidification of the surface open ocean. There is high confidence that oxygen levels have dropped in many upper ocean \nregions since the mid-20th century and medium confidence that human influence contributed to this drop.\n  {2.3, 3.5, 3.6, 5.3, 9.2, TS.2.4}\nA.1.7   Global mean sea level increased by 0.20 [0.15 to 0.25] m between 1901 and 2018. The average rate of sea level rise was \n1.3 [0.6 to 2.1] mm yr –1 between 1901 and 1971, increasing to 1.9 [0.8 to 2.9] mm yr –1 between 1971 and 2006, and \nfurther increasing to 3.7 [3.2 to 4.2] mm yr–1 between 2006 and 2018 (high confidence). Human influence was very likely']","The context does not contain enough information to answer confidently the projected change in global mean sea level by 2100 under SSP5-8.5. The provided information only discusses sea level projections up to 2300, not 2100.",,
How does the rate of sea level rise compare to previous centuries?,"['storms, heavy snowfall and landslides.\n   {11.7, 11.9, Cross-Chapter Box 11.1, 12.4, 12.5, Cross-Chapter Box 12.1, Atlas.4, Atlas.6, Atlas.7, Atlas.8, Atlas.10, TS.4.3.1, \nTS.4.3.2, TS.5} (Table SPM.1, Figure SPM.9)\nC.2.5  It is very likely to virtually certain40 that regional mean relative sea level rise will continue throughout the 21st century, \nexcept in a few regions with substantial geologic land uplift rates. Approximately two-thirds of the global coastline has \na\xa0projected regional relative sea level rise within ±20% of the global mean increase (medium confidence). Due to relative \nsea level rise, extreme sea level events that occurred once per century in the recent past are projected to occur at least', 'influence is the main driver. It is virtually certain that human-caused CO2 emissions are the main driver of current global \nacidification of the surface open ocean. There is high confidence that oxygen levels have dropped in many upper ocean \nregions since the mid-20th century and medium confidence that human influence contributed to this drop.\n  {2.3, 3.5, 3.6, 5.3, 9.2, TS.2.4}\nA.1.7   Global mean sea level increased by 0.20 [0.15 to 0.25] m between 1901 and 2018. The average rate of sea level rise was \n1.3 [0.6 to 2.1] mm yr –1 between 1901 and 1971, increasing to 1.9 [0.8 to 2.9] mm yr –1 between 1971 and 2006, and \nfurther increasing to 3.7 [3.2 to 4.2] mm yr–1 between 2006 and 2018 (high confidence). Human influence was very likely', 'the period 2006–201820 (high confidence). Ocean warming accounted for 91% of the heating in the climate system, with \nland warming, ice loss and atmospheric warming accounting for about 5%, 3% and 1%, respectively (high confidence).\n  {7.2, Box 7.2, TS.3.1}\nA.4.3  Heating of the climate system has caused global mean sea level rise through ice loss on land and thermal expansion \nfrom ocean warming. Thermal expansion explained 50% of sea level rise during 1971–2018, while ice loss from glaciers \ncontributed 22%, ice sheets 20% and changes in land-water storage 8%. The rate of ice-sheet loss increased by a factor \nof four between 1992–1999 and 2010–2019. Together, ice-sheet and glacier mass loss were the dominant contributors to', 'multi-millennial changes between glacial and interglacial periods over at least the past 800,000 years (very\xa0high\xa0confidence).\n  {2.2, 5.1, TS.2.2}\nA.2.2  Global surface temperature has increased faster since 1970 than in any other 50-year period over at least the last 2000 \nyears ( high confidence ). Temperatures during the most recent decade (2011–2020) exceed those of the most recent \nmulti-century warm period, around 6500 years ago 13 [0.2°C to 1°C relative to 1850–1900] ( medium confidence). Prior \nto that, the next most recent warm period was about 125,000 years ago, when the multi-century temperature [0.5°C to \n1.5°C relative to 1850–1900] overlaps the observations of the most recent decade (medium confidence). \n  {2.3, Cross-Chapter Box 2.1, Cross-Section Box TS.1} (Figure SPM.1)', '34  Low-likelihood, high-impact outcomes are those whose probability of occurrence is low or not well known (as in the context of deep uncertainty) but whose potential impacts on \nsociety and ecosystems could be high. A tipping point is a critical threshold beyond which a system reorganizes, often abruptly and/or irreversibly. (Glossary) {1.4, Cross-Chapter Box \n1.3, 4.7}\n35  To compare to the 1986–2005 baseline period used in AR5 and SROCC, add 0.03 m to the global mean sea level rise estimates. To compare to the 1900 baseline period used in \nFigure SPM.8, add 0.16 m.']","According to Source 2 (IPCC_AR6_SPM.pdf, p.4), the average rate of sea level rise was 1.3 [0.6 to 2.1] mm yr–1 between 1901 and 1971, increasing to 1.9 [0.8 to 2.9] mm yr–1 between 1971 and 2006, and further increasing to 3.7 [3.2 to 4.2] mm yr–1 between 2006 and 2018 (high confidence). 

This suggests that the rate of sea level rise has been increasing over the past century, with the most recent period (2006-2018) having the highest rate of rise. However, the context does not provide a direct comparison to previous centuries.",,
What are the consequences of exceeding 2 degrees of global warming?,"['increase would be gradually reversed but other climate changes would continue in their current direction for decades to \nmillennia (high confidence). For instance, it would take several centuries to millennia for global mean sea level to reverse \ncourse even under large net negative CO2 emissions (high confidence).\n  {4.6, 9.6, TS.3.3}\nD.1.7  In the five illustrative scenarios, simultaneous changes in CH 4, aerosol and ozone precursor emissions, which also \ncontribute to air pollution, lead to a net global surface warming in the near and long term ( high confidence). In the \nlong term, this net warming is lower in scenarios assuming air pollution controls combined with strong and sustained', 'C.2.1  All regions 39 are projected to experience further increases in hot climatic impact-drivers (CIDs) and decreases in cold \nCIDs (high confidence). Further decreases are projected in permafrost; snow, glaciers and ice sheets; and lake and Arctic \nsea ice ( medium to high confidence ).40 These changes would be larger at 2°C global warming or above than at 1.5°C \n(high\xa0confidence). For example, extreme heat thresholds relevant to agriculture and health are projected to be exceeded \nmore frequently at higher global warming levels (high confidence).\n   {9.3, 9.5, 11.3, 11.9, Cross-Chapter Box 11.1, 12.3, 12.4, 12.5, Cross-Chapter Box 12.1, Atlas.4, Atlas.5, Atlas.6, Atlas.7, \nAtlas.8, Atlas.9, Atlas.10, Atlas.11, TS.4.3} (Table SPM.1, Figure SPM.9)', '{2.3, 4.3, 4.5, 4.6, 7.4, 11.1, 11.3, 11.9, 12.4, 12.5, Cross-Chapter Box 12.1, Atlas.4, Atlas.5, Atlas.6, Atlas.7, Atlas.8, Atlas.9, \nAtlas.10, Atlas.11, Cross-Section Box TS.1, TS.2.6} (Figure SPM.5)\nB.2.2  With every additional increment of global warming, changes in extremes continue to become larger. For example, every \nadditional 0.5°C of global warming causes clearly discernible increases in the intensity and frequency of hot extremes, \nincluding heatwaves ( very likely ), and heavy precipitation ( high confidence ), as well as agricultural and ecological \ndroughts30 in some regions (high confidence). Discernible changes in intensity and frequency of meteorological droughts,', '15\nSPM\nSummary for Policymakers\nB.1.3  Global warming of 1.5°C relative to 1850–1900 would be exceeded during the 21st century under the intermediate, high \nand very high GHG emissions scenarios considered in this report (SSP2-4.5, SSP3-7.0 and SSP5-8.5, respectively). Under \nthe five illustrative scenarios, in the near term (2021–2040), the 1.5°C global warming level is very likely to be exceeded \nunder the very high GHG emissions scenario (SSP5-8.5), likely to be exceeded under the intermediate and high GHG \nemissions scenarios (SSP2-4.5 and SSP3-7.0), more likely than not to be exceeded under the low GHG emissions scenario \n(SSP1-2.6) and more likely than not to be reached under the very low GHG emissions scenario (SSP1-1.9).27 Furthermore, for', '+6°C\nHot temperature extremes over land\nFrequency and increase in intensity of extreme temperature \nevent that occurred once in 10 years on average \nin a climate without human inﬂuence\n+1.2°C\nhotter\n+1.9°C\nhotter\n+2.6°C \nhotter\n+5.1°C\nhotter\n10-year event\n10-year event10-year event\nFREQUENCY per 10 yearsINTENSITY increase\nFuture global warming levels\n1.5°C 2°C 4°C1850–1900\n0°C\n+1°C\n+2°C\n+3°C\n+4°C\n+5°C\n+6°C\nPresent 1°C\nOnce now likely \noccurs\n2.8 times\n(1.8–3.2)\nwill likely \noccur\n4.1 times\n(2.8–4.7)\nwill likely \noccur\n5.6 times\n(3.8–6.0)\nwill likely \noccur\n9.4 times\n(8.3–9.6)']","According to the context, the consequences of exceeding 2 degrees of global warming are not explicitly stated. However, [Source 2: IPCC_AR6_SPM.pdf, p.23] mentions that ""These changes would be larger at 2°C global warming or above than at 1.5°C (high confidence)."" This implies that exceeding 2 degrees of global warming would lead to more severe climate changes, but the specific consequences are not detailed in the provided context.

Additionally, [Source 2: IPCC_AR6_SPM.pdf, p.23] states that ""extreme heat thresholds relevant to agriculture and health are projected to be exceeded more frequently at higher global warming levels (high confidence)."" This suggests that exceeding 2 degrees of global warming would lead to more frequent extreme heat events, which could have significant impacts on agriculture and human health. However, more information would be needed to fully understand the consequences of exceeding 2 degrees of global warming.",,
How has the frequency of hot extremes changed since the 1950s?,"['and tropical cyclones, and, in particular, their attribution to human influence, has strengthened since AR5. \n   {2.3, 3.3, 8.2, 8.3, 8.4, 8.5, 8.6, Box 8.1, Box 8.2, Box 9.2, 10.6, 11.2, 11.3, 11.4, 11.6, 11.7, 11.8, 11.9, 12.3} \n(Figure SPM.3)\nA.3.1  It is virtually certain that hot extremes (including heatwaves) have become more frequent and more intense across most \nland regions since the 1950s, while cold extremes (including cold waves) have become less frequent and less severe, with \nhigh confidence that human-induced climate change is the main driver 14 of these changes. Some recent hot extremes \nobserved over the past decade would have been extremely unlikely to occur without human influence on the climate', '18\nSPM\nSummary for Policymakers\nFigure SPM.6 | Projected changes in the intensity and frequency of hot temperature extremes over land, extreme precipitation over land, \nand agricultural and ecological droughts in drying regions\nProjected changes are shown at global warming levels of 1°C, 1.5°C, 2°C, and 4°C and are relative to 1850–1900, 9 representing a climate without human \ninfluence. The figure depicts frequencies and increases in intensity of 10- or 50-year extreme events from the base period (1850–1900) under different global \nwarming levels.\nHot temperature extremes are defined as the daily maximum temperatures over land that were exceeded on average once in a decade (10-year event) or once', '+6°C\nHot temperature extremes over land\nFrequency and increase in intensity of extreme temperature \nevent that occurred once in 10 years on average \nin a climate without human inﬂuence\n+1.2°C\nhotter\n+1.9°C\nhotter\n+2.6°C \nhotter\n+5.1°C\nhotter\n10-year event\n10-year event10-year event\nFREQUENCY per 10 yearsINTENSITY increase\nFuture global warming levels\n1.5°C 2°C 4°C1850–1900\n0°C\n+1°C\n+2°C\n+3°C\n+4°C\n+5°C\n+6°C\nPresent 1°C\nOnce now likely \noccurs\n2.8 times\n(1.8–3.2)\nwill likely \noccur\n4.1 times\n(2.8–4.7)\nwill likely \noccur\n5.6 times\n(3.8–6.0)\nwill likely \noccur\n9.4 times\n(8.3–9.6)', 'by the number of dots: three dots for high confidence, two dots for medium confidence and one dot for low confidence (single, filled dot: limited agreement; single, \nempty dot: limited evidence).\nPanel (a) For hot extremes, the evidence is mostly drawn from changes in metrics based on daily maximum temperatures; regional studies using other indices \n(heatwave duration, frequency and intensity) are used in addition. Red hexagons indicate regions where there is at least medium confidence in an observed increase \nin hot extremes.\nPanel (b) For heavy precipitation, the evidence is mostly drawn from changes in indices based on one-day or five-day precipitation amounts using global and', 'multi-millennial changes between glacial and interglacial periods over at least the past 800,000 years (very\xa0high\xa0confidence).\n  {2.2, 5.1, TS.2.2}\nA.2.2  Global surface temperature has increased faster since 1970 than in any other 50-year period over at least the last 2000 \nyears ( high confidence ). Temperatures during the most recent decade (2011–2020) exceed those of the most recent \nmulti-century warm period, around 6500 years ago 13 [0.2°C to 1°C relative to 1850–1900] ( medium confidence). Prior \nto that, the next most recent warm period was about 125,000 years ago, when the multi-century temperature [0.5°C to \n1.5°C relative to 1850–1900] overlaps the observations of the most recent decade (medium confidence). \n  {2.3, Cross-Chapter Box 2.1, Cross-Section Box TS.1} (Figure SPM.1)']","According to the IPCC_AR6_SPM.pdf (p.7), it is virtually certain that hot extremes (including heatwaves) have become more frequent and more intense across most land regions since the 1950s. (Source: IPCC_AR6_SPM.pdf)",,
What does the IPCC say about irreversible climate changes?,"['4\nSPM\nSummary for Policymakers\nIntroduction\n1  Decision IPCC/XLVI-2.\n2  The three Special Reports are: Global Warming of 1.5°C: An IPCC Special Report on the impacts of global warming of 1.5°C above pre-industrial levels and related global greenhouse \ngas emission pathways, in the context of strengthening the global response to the threat of climate change, sustainable development, and efforts to eradicate poverty (SR1.5); \nClimate Change and Land: An IPCC Special Report on climate change, desertification, land degradation, sustainable land management, food security, and greenhouse gas fluxes in \nterrestrial ecosystems (SRCCL); IPCC Special Report on the Ocean and Cryosphere in a Changing Climate (SROCC).', 'controls in scenarios is used to consistently assess the effects of various assumptions on projections of climate and air pollution. \nA novel development is the ability to ascertain when climate responses to emissions reductions would become discernible above \nnatural climate variability, including internal variability and responses to natural drivers.\nD.1   From a physical science perspective, limiting human-induced global warming to a specific level requires \nlimiting cumulative CO2 emissions, reaching at least net zero CO2 emissions, along with strong reductions in \nother greenhouse gas emissions. Strong, rapid and sustained reductions in CH4 emissions would also limit the \nwarming effect resulting from declining aerosol pollution and would improve air quality.', 'C.3.3  If global warming increases, some compound extreme events18 with low likelihood in past and current climate will become \nmore frequent, and there will be a higher likelihood that events with increased intensities, durations and/or spatial extents \nunprecedented in the observational record will occur (high confidence).\n  {11.8, Box 11.2, Cross-Chapter Box 12.1, Box TS.3, Box TS.9}\nC.3.4  The Atlantic Meridional Overturning Circulation is very likely to weaken over the 21st century for all emissions scenarios. \nWhile there is high confidence in the 21st century decline, there is only low confidence in the magnitude of the trend. \nThere is medium confidence that there will not be an abrupt collapse before 2100. If such a collapse were to occur, it', 'is compared to 1850–1900. Definitions of the regions are provided in Sections 12.4 and Atlas.1 and the Interactive Atlas (see https://interactive-atlas.ipcc.ch/).\n{11.9, 12.2, 12.4, Atlas.1, Table TS.5, Figures TS.22 and TS.25} (Table SPM.1)\nMultiple climatic impact-drivers are projected to change in all regions\nof the world\nNumber of land & coastal regions (a) and open-ocean regions (b) where each climatic impact-driver (CID) is projected \nto increase or decrease with high conﬁdence (dark shade) or medium conﬁdence (light shade)\nClimatic impact-drivers (CIDs) are physical climate system conditions (e.g., means, events, extremes) that aﬀect an element \nof society or ecosystems. Depending on system tolerance, CIDs and their changes can be detrimental, beneﬁcial, neutral,', '(The Netherlands), Karina von Schuckmann (France/Germany), Cunde Xiao (China)\nThis Summary for Policymakers should be cited as:\nIPCC, 2021: Summary for Policymakers. In: Climate Change 2021: The Physical Science Basis. Contribution of Working Group I \nto the Sixth Assessment Report of the Intergovernmental Panel on Climate Change [Masson-Delmotte, V ., P . Zhai, A. Pirani, S.L. \nConnors, C. Péan, S. Berger, N. Caud, Y . Chen, L. Goldfarb, M.I. Gomis, M. Huang, K. Leitzell, E. Lonnoy, J.B.R. Matthews, T.K. \nMaycock, T. Waterfield, O. Yelekçi, R. Yu, and B. Zhou (eds.)]. Cambridge University Press, Cambridge, United Kingdom and New \nYork, NY , USA, pp. 3−32, doi:10.1017/9781009157896.001.\nSummary for \nPolicymakers']","The provided context does not contain enough information to answer confidently about what the IPCC says regarding irreversible climate changes. The context mentions various aspects of climate change, such as limiting global warming, cumulative CO2 emissions, and changes in climatic impact-drivers, but it does not specifically address the topic of irreversible climate changes.",0.7142857142857143,
How does soil moisture change under future warming scenarios?,"['regions with little interannual \nvariability in baseline conditions.\nAcross warming levels, changes in soil moisture largely follow changes in \nprecipitation but also show some diﬀerences due to the inﬂuence of \nevapotranspiration.\nSimulated change at 2°C global warming Simulated change at 4°C global warmingSimulated change at 1.5°C global warming\nSimulated change at 2°C global warming Simulated change at 4°C global warmingSimulated change at 1.5°C global warming\n–40\n–30\n–20\n–10\n0\n10\n20\n30\n40\nWetterDrier\nWetterDrier', 'of interannual variability in soil moisture during 1850–1900. Standard deviation is a widely used metric in characterizing drought severity. A projected \nreduction in mean soil moisture by one standard deviation corresponds to soil moisture conditions typical of droughts that occurred about once every six years \nduring 1850–1900. In panel (d), large changes in dry regions with little interannual variability in the baseline conditions can correspond to small absolute \nchange. The triangles at each end of the colour bars indicate out-of-bound values, that is, values above or below the given limits. Results from all models \nreaching the corresponding warming level in any of the five illustrative scenarios (SSP1-1.9, SSP1-2.6, SSP2-4.5, SSP3-7.0 and SSP5-8.5) are averaged.', 'main driver. Human-induced climate change has contributed to increases in agricultural and ecological droughts15 in some \nregions due to increased land evapotranspiration16 (medium confidence).\n  {8.2, 8.3, 11.4, 11.6, 11.9, TS.2.6, Box TS.10} (Figure SPM.3)\n13 As stated in section B.1, even under the very low emissions scenario SSP1-1.9, temperatures are assessed to remain elevated above those of the most recent decade until at least \n2100 and therefore warmer than the century-scale period 6500 years ago.\n14  As indicated in footnote 12, throughout this SPM, ‘main driver’ means responsible for more than 50% of the change.', 'global monsoon precipitation and the severity of wet and dry events. \n  {4.3, 4.4, 4.5, 4.6, 8.2, 8.3, 8.4, 8.5, Box 8.2, 11.4, 11.6, 11.9, 12.4, Atlas.3} (Figure SPM.5, Figure SPM.6)\nB.3.1  There is strengthened evidence since AR5 that the global water cycle will continue to intensify as global temperatures \nrise (high confidence), with precipitation and surface water flows projected to become more variable over most land \nregions within seasons ( high confidence) and from year to year ( medium confidence). The average annual global land \nprecipitation is projected to increase by 0–5% under the very low GHG emissions scenario (SSP1-1.9), 1.5–8% for the \nintermediate GHG emissions scenario (SSP2-4.5) and 1–13% under the very high GHG emissions scenario (SSP5-8.5) by', '17\nSPM\nSummary for Policymakers\nl a. \nFigure SPM.5 | Changes in annual mean surface temperature, precipitation, and soil moisture\nPanel (a) Comparison of observed and simulated annual mean surface temperature change.  The left map shows the observed changes in annual \nmean surface temperature in the period 1850–2020 per °C of global warming (°C). The local (i.e., grid point) observed annual mean surface temperature changes \nare linearly regressed against the global surface temperature in the period 1850–2020. Observed temperature data are from Berkeley Earth, the dataset with \nthe largest coverage and highest horizontal resolution. Linear regression is applied to all years for which data at the corresponding grid point is available. The']","According to the context, soil moisture changes largely follow changes in precipitation but also show some differences due to the influence of evapotranspiration (IPCC_AR6_SPM.pdf, p.16). 

Under different warming scenarios, the changes in soil moisture are as follows: 
- At 1.5°C global warming, the simulated change in soil moisture is not explicitly stated in the provided context.
- At 2°C global warming, the simulated change in soil moisture is not explicitly stated in the provided context.
- At 4°C global warming, the simulated change in soil moisture is not explicitly stated in the provided context.

However, it is mentioned that a projected reduction in mean soil moisture by one standard deviation corresponds to soil moisture conditions typical of droughts that occurred about once every six years during 1850–1900 (IPCC_AR6_SPM.pdf, p.16).

Additionally, human-induced climate change has contributed to increases in agricultural and ecological droughts in some regions due to increased land evapotranspiration (IPCC_AR6_SPM.pdf, p.7). 

It is also stated that the global water cycle will continue to intensify as global temperatures rise, with precipitation and surface water flows projected to become more variable over most land regions within seasons and from year to year (IPCC_AR6_SPM.pdf, p.18).",,
What is the relationship between cumulative CO2 emissions and warming?,"['a\xa0given probability, taking into account the effect of other anthropogenic climate forcers. This is referred to as the total carbon budget when expressed starting from the pre-industrial \nperiod, and as the remaining carbon budget when expressed from a recent specified date (Glossary). Historical cumulative CO 2 emissions determine to a large degree warming to \ndate, while future emissions cause future additional warming. The remaining carbon budget indicates how much CO2 could still be emitted while keeping warming below a specific \ntemperature level.\nFigure SPM.10 | Near-linear relationship between cumulative CO2 emissions and the increase in global surface temperature', 'SSP5-8.5; see Figure SPM.4). Projections use the cumulative CO2 emissions of each respective scenario, and the projected global warming includes the contribution \nfrom all anthropogenic forcers. The relationship is illustrated over the domain of cumulative CO2 emissions for which there is high confidence that the transient climate \nresponse to cumulative CO2 emissions (TCRE) remains constant, and for the time period from 1850 to 2050 over which global CO2 emissions remain net positive under \nall illustrative scenarios, as there is limited evidence supporting the quantitative application of TCRE to estimate temperature evolution under net negative CO2 emissions.\nBottom panel: Historical and projected cumulative CO2 emissions in GtCO2 for the respective scenarios.', 'in panel (b).\nFuture emissions cause future additional warming, with total warming \ndominated by past and future CO₂ emissions\n(a) Future annual emissions of CO₂ (left) and of a subset of key non-CO₂ drivers (right), across ﬁve illustrative scenarios\nMethane (MtCH₄/yr)\nNitrous oxide (MtN₂O/yr)\nSulphur dioxide (MtSO₂/yr)\nSSP1-1.9\nSSP1-2.6\nSSP2-4.5\nSSP3-7.0\nSSP5-8.5\nSSP1-1.9\nSSP1-2.6\nSSP2-4.5\nSSP3-7.0\nSSP5-8.5\nSSP1-1.9\nSSP1-2.6\nSSP2-4.5\nSSP3-7.0\nSSP5-8.5\n(b) Contribution to global surface temperature increase from diﬀerent emissions, with a dominant role of CO₂ emissions\nChange in global surface temperature in 2081–2100 relative to 1850–1900 (ºC)\n0\n200\n400\n600\n800\n0\n10\n20\n0\n40\n80\n120\n2015 2050 2100\n2015 2050 2100\n2015 2050 2100\n–20\n0\n20\n40\n60\n80\n100\n120\n140\n2015 2050 2100', 'concentration-driven simulations. Land and ocean carbon sinks respond to past, current and future emissions; therefore, cumulative sinks from 1850 to 2100 are \npresented here. During the historical period (1850–2019) the observed land and ocean sink took up 1430 GtCO2 (59% of the emissions).\nThe proportion of CO₂ emissions taken up by land and ocean carbon sinks \nis smaller in scenarios with higher cumulative CO₂ emissions\nTotal cumulative CO₂ emissions taken up by land and ocean (colours) and remaining in the atmosphere (grey) \nunder the ﬁve illustrative scenarios from 1850 to 2100\n…meaning that the proportion\nof CO₂ emissions taken up by\nland and ocean carbon sinks\nfrom the atmosphere\nis smaller in scenarios\nwith higher CO₂ emissions.\nSSP1-1.9 SSP1-2.6 SSP2-4.5 SSP3-7.0 SSP5-8.5', '8\nSPM\nSummary for Policymakers\nA.2   The scale of recent changes across the climate system as a whole – and the present state of many aspects of \nthe climate system – are unprecedented over many centuries to many thousands of years. \n  {2.2, 2.3, Cross-Chapter Box 2.1, 5.1} (Figure SPM.1)\nA.2.1  In 2019, atmospheric CO2 concentrations were higher than at any time in at least 2 million years ( high confidence), and \nconcentrations of CH4 and N2O were higher than at any time in at least 800,000 years (very high confidence). Since 1750, \nincreases in CO2 (47%) and CH4 (156%) concentrations far exceed\xa0– and increases in N2O (23%) are similar to\xa0– the natural \nmulti-millennial changes between glacial and interglacial periods over at least the past 800,000 years (very\xa0high\xa0confidence).']","The relationship between cumulative CO2 emissions and warming is near-linear, as illustrated in Figure SPM.10 (IPCC_AR6_SPM.pdf, p.27). This means that the increase in global surface temperature is directly related to the cumulative amount of CO2 emissions. Historical cumulative CO2 emissions determine to a large degree warming to date, while future emissions cause future additional warming. (IPCC_AR6_SPM.pdf, p.27)",,
How confident is the IPCC about future precipitation changes?,"['physical, chemical and biological processes, as well as higher resolution, compared to climate models considered in previous \nIPCC assessment reports. This has improved the simulation of the recent mean state of most large-scale indicators of climate \nchange and many other aspects across the climate system. Some differences from observations remain, for example in \nregional precipitation patterns. The CMIP6 historical simulations assessed in this Report have an ensemble mean global \nsurface temperature change within 0.2°C of the observations over most of the historical period, and observed warming is \nwithin the very likely range of the CMIP6 ensemble. However, some CMIP6 models simulate a warming that is either above \nor below the assessed very likely range of observed warming.', '25\nSPM\nSummary for Policymakers\nC.2.4  More CIDs across more regions are projected to change at 2°C and above compared to 1.5°C global warming \n(high\xa0 confidence). Region-specific changes include intensification of tropical cyclones and/or extratropical storms \n(medium confidence ), increases in  river floods ( medium to high confidence ),40 reductions in mean precipitation and \nincreases in aridity ( medium to high confidence ),40 and increases in fire weather ( medium to high confidence ).40 There \nis low confidence in most regions in potential future changes in other CIDs, such as hail, ice storms, severe storms, dust \nstorms, heavy snowfall and landslides.', 'Type of observed change\nin heavy precipitation\nIncrease (19)\nDecrease (0)\nLow agreement in the type of change (8)\nLimited data and/or literature (18)\nNWN NEN GIC\nAfrica\nAsia\nAustralasia\nNorth\nAmerica\nCentral\nAmerica\nSouth\nAmerica\nEurope NEU RAR\nWNA CNA ENA WCE EEU WSB ESB RFE\nNCA MED WCA ECA TIB EAS\nSCA CAR SAH ARP SAS SEA\nNWS NSA WAF CAF NEAF\nNAU\nSAM NES WSAF SEAF\nCAU EAU\nSWS SES ESAF\nSAU NZ\nSSA\nMDG\n(b) Synthesis of assessment of observed change in heavy precipitation and \ncon/f_idence in human contribution to the observed changes in the world’s regions \nIncrease (12)\nDecrease (1)\nLow agreement in the type of change (28)\nLimited data and/or literature (4)\nNWN NEN GIC\nAfrica\nAsia\nAustralasia\nNorth\nAmerica\nCentral\nAmerica\nSouth\nAmerica\nEurope NEU RAR\nWNA CNA ENA WCE EEU WSB ESB RFE', 'global monsoon precipitation and the severity of wet and dry events. \n  {4.3, 4.4, 4.5, 4.6, 8.2, 8.3, 8.4, 8.5, Box 8.2, 11.4, 11.6, 11.9, 12.4, Atlas.3} (Figure SPM.5, Figure SPM.6)\nB.3.1  There is strengthened evidence since AR5 that the global water cycle will continue to intensify as global temperatures \nrise (high confidence), with precipitation and surface water flows projected to become more variable over most land \nregions within seasons ( high confidence) and from year to year ( medium confidence). The average annual global land \nprecipitation is projected to increase by 0–5% under the very low GHG emissions scenario (SSP1-1.9), 1.5–8% for the \nintermediate GHG emissions scenario (SSP2-4.5) and 1–13% under the very high GHG emissions scenario (SSP5-8.5) by', 'increase would be gradually reversed but other climate changes would continue in their current direction for decades to \nmillennia (high confidence). For instance, it would take several centuries to millennia for global mean sea level to reverse \ncourse even under large net negative CO2 emissions (high confidence).\n  {4.6, 9.6, TS.3.3}\nD.1.7  In the five illustrative scenarios, simultaneous changes in CH 4, aerosol and ozone precursor emissions, which also \ncontribute to air pollution, lead to a net global surface warming in the near and long term ( high confidence). In the \nlong term, this net warming is lower in scenarios assuming air pollution controls combined with strong and sustained']","The confidence in future precipitation changes varies. 

According to [Source 2: IPCC_AR6_SPM.pdf, p.24], there is medium to high confidence in increases in river floods, reductions in mean precipitation, and increases in aridity in some regions. 

However, [Source 2: IPCC_AR6_SPM.pdf, p.24] also states that there is low confidence in most regions in potential future changes in other climate-related indicators, such as hail, ice storms, severe storms, dust storms, heavy snowfall, and landslides.

Additionally, [Source 4: IPCC_AR6_SPM.pdf, p.18] states that the average annual global land precipitation is projected to increase, but the confidence level varies: high confidence that the global water cycle will continue to intensify, high confidence that precipitation will become more variable within seasons, and medium confidence that it will become more variable from year to year. 

Therefore, the confidence level is not uniform and depends on the specific aspect of precipitation changes being considered.",,
What does AR6 say about the Atlantic Meridional Overturning Circulation?,"['C.3.3  If global warming increases, some compound extreme events18 with low likelihood in past and current climate will become \nmore frequent, and there will be a higher likelihood that events with increased intensities, durations and/or spatial extents \nunprecedented in the observational record will occur (high confidence).\n  {11.8, Box 11.2, Cross-Chapter Box 12.1, Box TS.3, Box TS.9}\nC.3.4  The Atlantic Meridional Overturning Circulation is very likely to weaken over the 21st century for all emissions scenarios. \nWhile there is high confidence in the 21st century decline, there is only low confidence in the magnitude of the trend. \nThere is medium confidence that there will not be an abrupt collapse before 2100. If such a collapse were to occur, it', 'more regions displaying an increase (medium confidence). Mean precipitation is projected to increase in all polar, northern \nEuropean and northern North American regions, most Asian regions and two regions of South America (high confidence).\n   {11.4, 11.6, 11.9, Cross-Chapter Box 11.1, 12.4, 12.5, Cross-Chapter Box 12.1, Atlas.5, Atlas.7, Atlas.8, Atlas.9, Atlas.11, \nTS.4.3} (Table SPM.1, Figure SPM.5, Figure SPM.6, Figure SPM.9)\n38   Based on 2500 year reconstructions, eruptions more negative than –1 W m–2 occur on average twice per century.\n39  Regions here refer to the AR6 WGI reference regions used in this Report to summarize information in sub-continental and oceanic regions. Changes are compared to averages over', 'CFC-12 equivalent). Increases from 2011 are 19 ppm for CO2, 63 ppb for CH4 and 8 ppb for N2O.\n7 Land and ocean are not substantial sinks for other GHGs.\nThis Summary for Policymakers (SPM) presents key findings of the Working Group I (WGI) contribution to the Intergovernmental \nPanel on Climate Change (IPCC) Sixth Assessment Report (AR6)1 on the physical science basis of climate change. The report builds \nupon the 2013 Working Group I contribution to the IPCC’s Fifth Assessment Report (AR5) and the 2018–2019 IPCC Special Reports2 \nof the AR6 cycle and incorporates subsequent new evidence from climate science.3\nThis SPM provides a high-level summary of the understanding of the current state of the climate, including how it is changing\xa0and the', 'in near-surface ocean salinity. Mid-latitude storm tracks have likely shifted poleward in both hemispheres since the \n1980s, with marked seasonality in trends (medium confidence). For the Southern Hemisphere, human influence very likely \ncontributed to the poleward shift of the closely related extratropical jet in austral summer.\n  {2.3, 3.3, 8.3, 9.2, TS.2.3, TS.2.4, Box TS.6}\nA.1.5  Human influence is very likely the main driver of the global retreat of glaciers since the 1990s and the decrease in Arctic \nsea ice area between 1979–1988 and 2010–2019 (decreases of about 40% in September and about 10% in March). There \nhas been no significant trend in Antarctic sea ice area from 1979 to 2020 due to regionally opposing trends and large', '5\n5\n15\n15\n5\n5\n15\n15\n25\n25\n35\n35\n45\n45\n55\n55\nNUMBER OF LAND & COASTAL REGIONS\nNUMBER OF OPEN-OCEAN REGIONS\n(a) (b)\nRegions with high conﬁdence increase\nRegions with medium conﬁdence increase\nRegions with high conﬁdence decrease\nRegions with medium conﬁdence decrease\nChanges refer to a 20–30 \nyear period centred around \n2050 and/or consistent \nwith 2°C global warming \ncompared to a similar \nperiod within 1960–2014 \nor 1850–1900.\ninteractive-atlas.ipcc.ch\nThe height of the lighter shaded ‘envelope’ behind each bar \nrepresents the maximum number of regions for which each \nCID is relevant. The envelope is symmetrical about the x-axis \nshowing the maximum possible number of relevant regions \nfor CID increase (upper part) or decrease (lower part).']","According to the IPCC_AR6_SPM.pdf (p.26), the Atlantic Meridional Overturning Circulation (AMOC) is very likely to weaken over the 21st century for all emissions scenarios. However, there is only low confidence in the magnitude of the trend. Additionally, there is medium confidence that there will not be an abrupt collapse of the AMOC before 2100. (Source: IPCC_AR6_SPM.pdf, p.26, section C.3.4)",,
How have ocean heat content and acidification changed?,"['confidence). The global ocean has warmed faster over the past century than since the end of the last deglacial transition \n(around 11,000 years ago) (medium confidence). A long-term increase in surface open ocean pH occurred over the past \n50\xa0million years ( high confidence). However, surface open ocean pH as low as recent decades is unusual in the last \n2\xa0million years ( medium confidence).\n  {2.3, TS.2.4, Box TS.4}\nA.3   Human-induced climate change is already affecting many weather and climate extremes in every region \nacross the globe. Evidence of observed changes in extremes such as heatwaves, heavy precipitation, droughts, \nand tropical cyclones, and, in particular, their attribution to human influence, has strengthened since AR5.', 'the period 2006–201820 (high confidence). Ocean warming accounted for 91% of the heating in the climate system, with \nland warming, ice loss and atmospheric warming accounting for about 5%, 3% and 1%, respectively (high confidence).\n  {7.2, Box 7.2, TS.3.1}\nA.4.3  Heating of the climate system has caused global mean sea level rise through ice loss on land and thermal expansion \nfrom ocean warming. Thermal expansion explained 50% of sea level rise during 1971–2018, while ice loss from glaciers \ncontributed 22%, ice sheets 20% and changes in land-water storage 8%. The rate of ice-sheet loss increased by a factor \nof four between 1992–1999 and 2010–2019. Together, ice-sheet and glacier mass loss were the dominant contributors to', 'temperature increase from 1850–1900 to 1995–2014) to simulated changes relative to 1995–2014. Very likely ranges are shown for SSP1-2.6 and SSP3-7.0.\nPanel (b) September Arctic sea ice area in 106 km2 based on CMIP6 model simulations. Very likely ranges are shown for SSP1-2.6 and SSP3-7.0. The Arctic is \nprojected to be practically ice-free near mid-century under intermediate and high GHG emissions scenarios.\nPanel (c) Global ocean surface pH (a measure of acidity) based on CMIP6 model simulations. Very likely ranges are shown for SSP1-2.6 and SSP3-7.0.\nPanel (d) Global mean sea level change in metres, relative to 1900. The historical changes are observed (from tide gauges before 1992 and altimeters', '5\n5\n15\n15\n5\n5\n15\n15\n25\n25\n35\n35\n45\n45\n55\n55\nNUMBER OF LAND & COASTAL REGIONS\nNUMBER OF OPEN-OCEAN REGIONS\n(a) (b)\nRegions with high conﬁdence increase\nRegions with medium conﬁdence increase\nRegions with high conﬁdence decrease\nRegions with medium conﬁdence decrease\nChanges refer to a 20–30 \nyear period centred around \n2050 and/or consistent \nwith 2°C global warming \ncompared to a similar \nperiod within 1960–2014 \nor 1850–1900.\ninteractive-atlas.ipcc.ch\nThe height of the lighter shaded ‘envelope’ behind each bar \nrepresents the maximum number of regions for which each \nCID is relevant. The envelope is symmetrical about the x-axis \nshowing the maximum possible number of relevant regions \nfor CID increase (upper part) or decrease (lower part).', 'including weather and climate extremes. The time periods considered throughout this section depend upon the availability of \nobservational products, paleoclimate archives and peer-reviewed studies.\nA.1   It is unequivocal that human influence has warmed the atmosphere, ocean and land. Widespread and rapid \nchanges in the atmosphere, ocean, cryosphere and biosphere have\xa0occurred.\n   {2.2, 2.3, Cross-Chapter Box 2.3, 3.3, 3.4, 3.5, 3.6, 3.8, 5.2, 5.3, 6.4, 7.3, 8.3, 9.2, 9.3, 9.5, 9.6, Cross-Chapter \nBox\xa09.1} (Figure\xa0SPM.1, Figure SPM.2)\nA.1.1  Observed increases in well-mixed greenhouse gas (GHG) concentrations since around 1750 are unequivocally caused \nby human activities. Since 2011 (measurements reported in AR5), concentrations have continued to increase in the']","According to the context, here are the changes in ocean heat content and acidification:

1. Ocean heat content: The global ocean has warmed faster over the past century than since the end of the last deglacial transition (around 11,000 years ago) (medium confidence) [IPCC_AR6_SPM.pdf, p.7]. Additionally, ocean warming accounted for 91% of the heating in the climate system (high confidence) [IPCC_AR6_SPM.pdf, p.10].

2. Ocean acidification: A long-term increase in surface open ocean pH occurred over the past 50 million years (high confidence). However, surface open ocean pH as low as recent decades is unusual in the last 2 million years (medium confidence) [IPCC_AR6_SPM.pdf, p.7]. This implies an increase in ocean acidification in recent decades. Furthermore, global ocean surface pH is projected to continue changing, with very likely ranges shown for different scenarios (SSP1-2.6 and SSP3-7.0) [IPCC_AR6_SPM.pdf, p.22].",,
